{
  "ratios": [
    0.0,
    0.5,
    0.7,
    0.8,
    0.85,
    0.88,
    0.9,
    0.92,
    0.95,
    0.98
  ],
  "seeds": [
    0,
    1,
    2
  ],
  "mode": "layer",
  "dense": [
    0.858299970626831,
    0.8572999835014343,
    0.8601999878883362
  ],
  "acc_oneshot": [
    [
      0.858299970626831,
      0.8572999835014343,
      0.8601999878883362
    ],
    [
      0.8277999758720398,
      0.8026000261306763,
      0.8341000080108643
    ],
    [
      0.5942999720573425,
      0.5600000023841858,
      0.6015999913215637
    ],
    [
      0.3797999918460846,
      0.4618000090122223,
      0.5935999751091003
    ],
    [
      0.3409999907016754,
      0.5670999884605408,
      0.33719998598098755
    ],
    [
      0.32510000467300415,
      0.3391000032424927,
      0.33719998598098755
    ],
    [
      0.503600001335144,
      0.33719998598098755,
      0.33719998598098755
    ],
    [
      0.3569999933242798,
      0.33719998598098755,
      0.33719998598098755
    ],
    [
      0.33719998598098755,
      0.33719998598098755,
      0.33719998598098755
    ],
    [
      0.3239000141620636,
      0.33719998598098755,
      0.33719998598098755
    ]
  ],
  "acc_finetuned": [
    [
      0.855400025844574,
      0.8600000143051147,
      0.8601999878883362
    ],
    [
      0.8618999719619751,
      0.8572999835014343,
      0.8671000003814697
    ],
    [
      0.8615000247955322,
      0.8567000031471252,
      0.8608999848365784
    ],
    [
      0.8567000031471252,
      0.8565000295639038,
      0.859000027179718
    ],
    [
      0.8443999886512756,
      0.8483999967575073,
      0.8465999960899353
    ],
    [
      0.8349000215530396,
      0.8378999829292297,
      0.8425999879837036
    ],
    [
      0.8289999961853027,
      0.8226000070571899,
      0.8306000232696533
    ],
    [
      0.7946000099182129,
      0.7997000217437744,
      0.8095999956130981
    ],
    [
      0.7318000197410583,
      0.7285000085830688,
      0.5056999921798706
    ],
    [
      0.3978999853134155,
      0.40450000762939453,
      0.33719998598098755
    ]
  ],
  "spikes_oneshot": [
    [
      0.8608548045158386,
      0.8599550127983093,
      0.8722657561302185
    ],
    [
      0.828343391418457,
      0.8150117993354797,
      0.8239577412605286
    ],
    [
      0.7903690934181213,
      0.7685911059379578,
      0.7583900094032288
    ],
    [
      0.7998366355895996,
      0.7761377692222595,
      0.7562965750694275
    ],
    [
      0.8109471201896667,
      0.8067710995674133,
      0.7796356678009033
    ],
    [
      0.8442961573600769,
      0.8192658424377441,
      0.8048653602600098
    ],
    [
      0.8513982892036438,
      0.8053773045539856,
      0.8156323432922363
    ],
    [
      0.8513814806938171,
      0.7905669212341309,
      0.7971033453941345
    ],
    [
      0.8098533749580383,
      0.7532904744148254,
      0.7427952289581299
    ],
    [
      0.793316662311554,
      0.693617045879364,
      0.7720312476158142
    ]
  ],
  "spikes_finetuned": [
    [
      0.8550555109977722,
      0.8590950965881348,
      0.8516837954521179
    ],
    [
      0.8681195378303528,
      0.8591505885124207,
      0.8639634251594543
    ],
    [
      0.8717798590660095,
      0.8628547787666321,
      0.8672335743904114
    ],
    [
      0.8852381706237793,
      0.8643674850463867,
      0.872046172618866
    ],
    [
      0.8742523193359375,
      0.8681014180183411,
      0.868009090423584
    ],
    [
      0.8784844279289246,
      0.8675920963287354,
      0.8614077568054199
    ],
    [
      0.8743572235107422,
      0.8616378903388977,
      0.8673356175422668
    ],
    [
      0.8747317790985107,
      0.8591440320014954,
      0.8680319786071777
    ],
    [
      0.8743610382080078,
      0.864896833896637,
      0.8570668697357178
    ],
    [
      0.8715226650238037,
      0.8129937052726746,
      0.8350334167480469
    ]
  ],
  "silent_finetuned": [
    [
      0.5655868053436279,
      0.5662073493003845,
      0.5730763077735901
    ],
    [
      0.5641030669212341,
      0.5698516368865967,
      0.5688528418540955
    ],
    [
      0.5644217133522034,
      0.5698005557060242,
      0.5683504939079285
    ],
    [
      0.5564723014831543,
      0.5677258372306824,
      0.5678350329399109
    ],
    [
      0.5592177510261536,
      0.5673669576644897,
      0.5677208304405212
    ],
    [
      0.5583644509315491,
      0.5672617554664612,
      0.5695416331291199
    ],
    [
      0.5571315884590149,
      0.5680417418479919,
      0.5680858492851257
    ],
    [
      0.5588493943214417,
      0.5674899220466614,
      0.565500795841217
    ],
    [
      0.5577425360679626,
      0.5657126307487488,
      0.565098762512207
    ],
    [
      0.5369023084640503,
      0.5802013874053955,
      0.5624833703041077
    ]
  ],
  "sparsity": [
    [
      0.0,
      0.0,
      0.0
    ],
    [
      0.5,
      0.5,
      0.5
    ],
    [
      0.6999993324279785,
      0.6999993324279785,
      0.6999993324279785
    ],
    [
      0.8000006675720215,
      0.8000006675720215,
      0.8000006675720215
    ],
    [
      0.8499979972839355,
      0.8499979972839355,
      0.8499979972839355
    ],
    [
      0.8800017237663269,
      0.8800017237663269,
      0.8800017237663269
    ],
    [
      0.9000020027160645,
      0.9000020027160645,
      0.9000020027160645
    ],
    [
      0.9200022220611572,
      0.9200022220611572,
      0.9200022220611572
    ],
    [
      0.9499993324279785,
      0.9499993324279785,
      0.9499993324279785
    ],
    [
      0.9799997210502625,
      0.9799997210502625,
      0.9799997210502625
    ]
  ]
}