{
  "K_values": [
    1,
    2,
    4,
    8,
    16
  ],
  "seeds": [
    0,
    1,
    2,
    3,
    4
  ],
  "accuracy_matrix": [
    [
      0.855400025844574,
      0.8490999937057495,
      0.8514000177383423,
      0.8521999716758728,
      0.8496999740600586
    ],
    [
      0.8589000105857849,
      0.8518000245094299,
      0.8525000214576721,
      0.8604999780654907,
      0.8539000153541565
    ],
    [
      0.858299970626831,
      0.8572999835014343,
      0.8601999878883362,
      0.8547999858856201,
      0.8551999926567078
    ],
    [
      0.8618000149726868,
      0.8532999753952026,
      0.857200026512146,
      0.8551999926567078,
      0.8575999736785889
    ],
    [
      0.8597999811172485,
      0.8565999865531921,
      0.8567000031471252,
      0.8565000295639038,
      0.8575999736785889
    ]
  ],
  "mean": [
    0.8515599966049194,
    0.8555199503898621,
    0.8571599721908569,
    0.8570200204849243,
    0.8574399948120117
  ],
  "std": [
    0.002484566532075405,
    0.003930887207388878,
    0.0022344994358718395,
    0.00317680393345654,
    0.001390311517752707
  ],
  "selected_K": 4
}